Date,Open,High,Low,Close,Adj Close,Volume
9/27/2021,1615.699951,1635.5,1608,1625.099976,1588.208618,8207731
9/28/2021,1632,1632,1582,1615.050049,1578.386841,6386895
9/29/2021,1597,1606.599976,1585.150024,1593.849976,1557.667969,8131518
9/30/2021,1586,1606.349976,1583.099976,1594.949951,1558.743042,7987674
10/1/2021,1583,1589,1565.25,1582.699951,1546.771118,5564298
10/4/2021,1589,1601.349976,1583.599976,1585.75,1549.751953,3525514
10/5/2021,1592,1597.5,1576.25,1595.449951,1559.231689,5128589
10/6/2021,1596,1626.849976,1587,1614.900024,1578.240234,9300415
10/7/2021,1626.599976,1627.699951,1607,1610.5,1573.940186,5632862
10/8/2021,1612,1622,1600.150024,1602.650024,1566.268311,3622781
10/11/2021,1599.900024,1645,1599,1633.800049,1596.711304,6540424
10/12/2021,1625,1641.550049,1625,1629.599976,1592.606567,4088473
10/13/2021,1637,1648,1630,1639.400024,1602.184082,3112822
10/14/2021,1638,1690,1638,1687.400024,1649.09436,7378644
10/18/2021,1705,1725,1667.050049,1670.300049,1632.38269,14428228
10/19/2021,1675.449951,1692.449951,1671,1688.699951,1650.364868,4493770
10/20/2021,1689.099976,1698.75,1664.449951,1673.849976,1635.851929,5454284
10/21/2021,1671.800049,1681.949951,1660.849976,1676.300049,1638.246338,4869095
10/22/2021,1680.099976,1708,1670.75,1680.75,1642.595337,6087777
10/25/2021,1690,1690,1613.800049,1657,1619.384521,8213383
10/26/2021,1650,1673.849976,1646.349976,1652.75,1615.231079,6045328
10/27/2021,1652.75,1665.050049,1637.300049,1642.800049,1605.506958,6624821
10/28/2021,1650,1650,1587.150024,1593.599976,1557.423828,8898875
10/29/2021,1590,1602,1560,1582.849976,1546.917725,6203437
11/1/2021,1585,1611,1583.550049,1605.300049,1568.858276,4061160
11/2/2021,1606,1622,1600.050049,1606.75,1570.275269,6618861
11/3/2021,1605.099976,1609.900024,1575.550049,1581.449951,1545.549561,5103669
11/4/2021,1595,1597.849976,1590.099976,1593.949951,1557.765747,548404
11/8/2021,1592.099976,1604.699951,1570.449951,1600.25,1563.922852,9471790
11/9/2021,1594.599976,1594.599976,1569.050049,1572.25,1536.558472,6347738
11/10/2021,1568,1569,1550,1555.25,1519.944458,6857063
11/11/2021,1550.050049,1554.900024,1535.599976,1548.300049,1513.1521,3999702
11/12/2021,1550,1559.050049,1545.050049,1553,1517.745483,7457046
11/15/2021,1562.099976,1571.849976,1554.400024,1557.25,1521.898926,4766797
11/16/2021,1555,1557.199951,1541.599976,1548,1512.858887,4122703
11/17/2021,1536.900024,1544,1528.5,1530.800049,1496.049316,3799439
11/18/2021,1526.050049,1543.5,1525.25,1539.400024,1504.454224,4576437
11/22/2021,1546,1552.699951,1499.050049,1515.349976,1480.950073,7630636
11/23/2021,1502,1527.800049,1496.349976,1515.550049,1481.14563,5617607
11/24/2021,1524,1536.349976,1514.050049,1518.050049,1483.588867,15401143
11/25/2021,1514.800049,1533.300049,1507,1525.949951,1491.309448,5125826
11/26/2021,1500,1506.699951,1485,1489.900024,1456.077881,9312468
11/29/2021,1494.800049,1507.650024,1462,1501.25,1467.170166,6495498
11/30/2021,1495,1529,1486.550049,1493.550049,1459.64502,12610771
12/1/2021,1495,1507.050049,1489.099976,1504.650024,1470.493042,4338817
12/2/2021,1504.5,1528.800049,1500,1525.75,1491.114136,5601555
12/3/2021,1525.800049,1535.949951,1507.050049,1513.550049,1479.19104,4062347
12/6/2021,1513,1518.800049,1497.349976,1503.800049,1469.662354,3514766
12/7/2021,1513.949951,1532,1509.900024,1525.699951,1491.065063,6213767
12/8/2021,1536,1555.050049,1534,1553.800049,1518.527222,7647767
12/9/2021,1545.199951,1554.699951,1522,1526.849976,1492.188965,5873872
12/10/2021,1524.900024,1528,1508.449951,1522.550049,1487.986694,3889692
12/13/2021,1526,1537.650024,1507.199951,1511.150024,1476.845581,5161071
12/14/2021,1502.5,1516,1497.050049,1502.449951,1468.342896,4595550
12/15/2021,1503,1523.349976,1495.650024,1500,1465.948608,5057574
12/16/2021,1512.800049,1517,1494,1500.099976,1466.046265,6605216
12/17/2021,1497,1506,1467.699951,1473.050049,1439.610352,7497384
12/20/2021,1452,1458,1414.099976,1425.650024,1393.286499,10578334
12/21/2021,1439.5,1450.75,1430,1441.800049,1409.069824,4559375
12/22/2021,1452.300049,1456,1435.699951,1445.199951,1412.392578,4288742
12/23/2021,1453.25,1457.800049,1436.849976,1444.099976,1411.317505,4889583
12/24/2021,1445.5,1452,1428,1438.900024,1406.235596,2780512
12/27/2021,1428.900024,1454,1422.150024,1450.800049,1417.865479,2352549
12/28/2021,1460.699951,1466.900024,1453.400024,1460.800049,1427.63855,2725339
12/29/2021,1456.050049,1461,1447.400024,1453.849976,1420.846191,3834351
12/30/2021,1458.5,1466.849976,1445,1461.5,1428.32251,3607959
12/31/2021,1461.5,1484.800049,1461.5,1479.400024,1445.816162,3162868
1/3/2022,1485,1523,1480.5,1519.650024,1485.152466,4534592
1/4/2022,1520,1532.900024,1507.800049,1528.550049,1493.850464,4428676
1/5/2022,1536.800049,1572,1528.099976,1564.849976,1529.326416,7166319
1/6/2022,1543,1554.75,1530.050049,1539.75,1504.796143,4814465
1/7/2022,1544,1566.75,1535.900024,1550.550049,1515.351074,5589692
1/10/2022,1558,1572,1545.5,1559.150024,1523.755737,4428248
1/11/2022,1561.550049,1568.699951,1547.800049,1565.900024,1530.352539,4194599
1/12/2022,1568,1576.650024,1552,1556.650024,1521.312622,10542765
1/13/2022,1555,1555,1520.400024,1528,1493.312988,20981948
1/14/2022,1530,1548.699951,1519,1545.150024,1510.07373,5604484
1/17/2022,1530,1556,1519.150024,1521.5,1486.960449,11494686
1/18/2022,1533,1550.900024,1523,1529.25,1494.534546,6170576
1/19/2022,1534,1539.75,1513.349976,1518.449951,1483.979736,7158813
1/20/2022,1528.449951,1528.5,1500.099976,1509,1474.744263,7598923
1/21/2022,1500,1529.800049,1485.599976,1521.599976,1487.058228,5768847
1/24/2022,1509.949951,1521.25,1467.550049,1486.650024,1452.901611,5934254
1/25/2022,1458.650024,1495,1444,1488.050049,1454.269897,6797124
1/27/2022,1450,1485,1435,1474.949951,1441.467163,14308919
1/28/2022,1477.5,1486.699951,1460,1463.25,1430.032837,12462604
1/31/2022,1472.75,1491.550049,1466.800049,1485.699951,1451.973145,6421273
2/1/2022,1508.5,1517,1473.449951,1497,1463.016724,7369742
2/2/2022,1511.949951,1535,1505.599976,1531.199951,1496.440186,6984645
2/3/2022,1528.75,1539.949951,1509,1515.349976,1480.950073,5282381
2/4/2022,1528.400024,1532.849976,1514.099976,1524,1489.403687,5789979
2/7/2022,1512.099976,1519,1460,1468.150024,1434.821533,6134021
2/8/2022,1476.400024,1478.449951,1444.550049,1461.849976,1428.664673,6990565
2/9/2022,1474,1499.699951,1467,1497.599976,1463.603027,5654171
2/10/2022,1514,1535.5,1501.650024,1525.099976,1490.47876,7157265
2/11/2022,1500.25,1525,1499.5,1518.849976,1484.370605,5355552
2/14/2022,1490,1499.449951,1469.300049,1473.699951,1440.245605,7328310
2/15/2022,1476,1524.900024,1473.050049,1517.800049,1483.344604,6567533
2/16/2022,1534.349976,1534.75,1507,1515.75,1481.340942,5016132
2/17/2022,1513.099976,1522,1502,1506.5,1472.300903,3675604
2/18/2022,1498.300049,1517,1490.449951,1512.349976,1478.018188,3898064
2/21/2022,1504,1530.699951,1495.550049,1522.099976,1487.546875,3734033
2/22/2022,1489.800049,1522.099976,1487.949951,1510.699951,1476.40564,4768098
2/23/2022,1525.099976,1525.699951,1495.650024,1500.900024,1466.828247,4514781
2/24/2022,1449.900024,1474.949951,1407.150024,1419.400024,1387.178223,11815383
2/25/2022,1439.949951,1465.900024,1432.849976,1456.099976,1423.045166,9159327
2/28/2022,1426,1438.550049,1414.050049,1426.25,1393.872803,12440416
3/2/2022,1386.5,1398.400024,1354.400024,1374.25,1343.053223,19252780
3/3/2022,1381,1392,1362.900024,1371,1339.877075,8763961
3/4/2022,1360,1386,1336.900024,1366.5,1335.479248,10609682
3/7/2022,1318.5,1332.349976,1297.050049,1324.800049,1294.72583,13527229
3/8/2022,1302.199951,1334,1292,1327.800049,1297.657715,19606246
3/9/2022,1330,1374.699951,1318.849976,1371.150024,1340.023682,11567347
3/10/2022,1427,1427,1380.25,1392.699951,1361.084351,11136603
3/11/2022,1388,1408.949951,1372.699951,1396.800049,1365.091309,7575390
3/14/2022,1415,1450,1415,1442.550049,1409.802734,12509063
3/15/2022,1443.5,1449.5,1411.75,1424,1391.673828,9433964
3/16/2022,1447,1455,1436.199951,1448.150024,1415.275635,6682054
3/17/2022,1472,1489.800049,1470.550049,1480.050049,1446.451538,7411977
3/21/2022,1487,1493.650024,1472.800049,1486.5,1452.755005,6128938
3/22/2022,1481.300049,1498,1457.199951,1494.150024,1460.231445,5230907
3/23/2022,1507,1518.800049,1473.599976,1479.25,1445.669556,15594128
3/24/2022,1466,1469.650024,1434.550049,1442.650024,1409.900513,10080022
3/25/2022,1451,1452,1419,1430.900024,1398.417236,8183231
3/28/2022,1430.900024,1438,1401.599976,1432.800049,1400.27417,7877443
3/29/2022,1441,1460.25,1430,1451.800049,1418.842773,6188724
3/30/2022,1472,1482.75,1454.050049,1476.949951,1443.421753,10054871
3/31/2022,1471,1484.699951,1465.900024,1470.349976,1436.97168,7147857
4/1/2022,1476.400024,1510,1470.300049,1506,1471.812378,7284278
4/4/2022,1580,1722.099976,1562.550049,1656.800049,1619.189209,48725485
4/5/2022,1666.699951,1666.699951,1602,1608.25,1571.741211,15461291
4/6/2022,1587.699951,1589.800049,1547.349976,1550.849976,1515.644165,13513930
4/7/2022,1541.300049,1541.349976,1513.699951,1516.75,1482.318237,20390866
4/8/2022,1512.099976,1525.75,1497.300049,1514.650024,1480.265991,20628161
4/11/2022,1506,1510,1493.25,1496.150024,1462.186035,10399533
4/12/2022,1484,1506.849976,1480.150024,1493.5,1459.596191,13717701
4/13/2022,1490,1502.300049,1462.650024,1464.949951,1431.694214,14446260
4/18/2022,1418.849976,1431.650024,1390.050049,1395.449951,1363.771973,22810188
4/19/2022,1380.900024,1389.550049,1327,1342.199951,1311.730835,37048011
4/20/2022,1354.449951,1359.900024,1335.349976,1354.300049,1323.556152,24662868
4/21/2022,1365,1379.800049,1353.300049,1374.349976,1343.151001,26223135
4/22/2022,1360,1375.349976,1349.150024,1355.599976,1324.826538,10329574
4/25/2022,1350,1370.650024,1322.25,1365.75,1334.746094,10467744
4/26/2022,1372,1381.949951,1357.150024,1372.050049,1340.903198,8508421
4/27/2022,1360,1379,1356.099976,1372.550049,1341.391846,9027167
4/28/2022,1372,1379,1362.099976,1371.349976,1340.218994,10386861
4/29/2022,1380.349976,1404.75,1371.550049,1384.599976,1353.168335,14200738
5/2/2022,1362.050049,1406.449951,1362.050049,1403.699951,1371.834717,9747158
5/4/2022,1400,1403.599976,1350,1356,1325.217529,14527958
5/5/2022,1375,1375,1346.5,1352.949951,1322.236694,8931456
5/6/2022,1330,1335,1313,1317.599976,1287.689087,13365634
5/9/2022,1300,1326.5,1295.5,1319.849976,1289.888062,16381217
5/10/2022,1315.050049,1353,1315.050049,1341.050049,1310.606934,10056906
5/11/2022,1353,1355,1328.650024,1348.599976,1317.985474,8551462
5/12/2022,1321.099976,1326.800049,1293,1303.050049,1288.276245,11191145
5/13/2022,1310.050049,1318,1287,1291.349976,1276.708862,8384119
5/16/2022,1299,1312,1285.300049,1305.099976,1290.302856,4902178
5/17/2022,1312.599976,1317,1298.199951,1314,1299.102051,8320722
5/18/2022,1324.050049,1333.300049,1310,1313.900024,1299.003174,7866192
5/19/2022,1286.199951,1296.400024,1278.300049,1287.050049,1272.457642,10268753
5/20/2022,1303,1324.199951,1292.349976,1320.949951,1305.973145,6959675
5/23/2022,1314,1329.949951,1299.099976,1304,1289.215454,9743160
5/24/2022,1300,1325,1296.900024,1318.949951,1303.99585,6435398
5/25/2022,1330,1335.949951,1323.199951,1328.800049,1313.734253,6443556
5/26/2022,1342.150024,1371,1340,1366.699951,1351.204468,13496214
5/27/2022,1371.800049,1394.699951,1370.75,1392.050049,1376.267212,12015859
5/30/2022,1410.25,1420.5,1398.449951,1401.550049,1385.659424,6312337
5/31/2022,1395.900024,1404.800049,1380,1388.949951,1373.202148,6742694
6/1/2022,1380,1400.449951,1379.150024,1394.849976,1379.035278,6045948
6/2/2022,1387.25,1388,1378.599976,1385.099976,1369.395874,5737510
6/3/2022,1398.300049,1400.75,1376.300049,1380.300049,1364.650391,3478622
6/6/2022,1376.300049,1387,1360.650024,1378.449951,1362.821289,3086633
6/7/2022,1362,1374.300049,1354.099976,1362.599976,1347.151001,5126983
6/8/2022,1373.300049,1381,1357,1367.400024,1351.896606,2993294
6/9/2022,1362.25,1382.050049,1357.150024,1377.699951,1362.079712,3655908
6/10/2022,1360.099976,1367.949951,1343.599976,1351.099976,1335.781372,4577715
6/13/2022,1323.599976,1330,1308.300049,1326.599976,1311.559204,5446286
6/14/2022,1311.25,1326,1305,1312,1297.124756,5935178
6/15/2022,1301.650024,1315.800049,1298.400024,1307.449951,1292.626221,5905235
6/16/2022,1310,1320.550049,1278,1281.300049,1266.772827,6084596
6/17/2022,1275,1299,1271.599976,1289.75,1275.126953,7361961
6/20/2022,1304.699951,1325,1294.150024,1322.150024,1307.159668,7968420
6/21/2022,1336.900024,1354,1324.050049,1336.550049,1321.396362,6610342
6/22/2022,1332.25,1336.949951,1323.199951,1330.25,1315.167847,4079849
6/23/2022,1330.5,1348,1318.5,1335.150024,1320.012207,7686122
6/24/2022,1338.550049,1361.650024,1338.550049,1353.800049,1338.450806,4006716
6/27/2022,1370,1376,1352,1356.25,1340.873047,4902082
6/28/2022,1344,1351,1338.400024,1345.900024,1330.640381,4885287
6/29/2022,1331.25,1350.75,1331.25,1343.949951,1328.712402,4997023
6/30/2022,1336,1354,1336,1348,1332.716553,6237911
7/1/2022,1343.949951,1360,1330.050049,1353.75,1338.401367,5736226
7/4/2022,1353.699951,1360.199951,1342.25,1355.650024,1340.279785,4243740
7/5/2022,1364,1379.349976,1348.300049,1352.599976,1337.264404,7162859
7/6/2022,1348,1373.400024,1347.099976,1371.25,1355.702881,7524539
7/7/2022,1380,1398,1374.449951,1395.800049,1379.974609,8871571
7/8/2022,1410,1410,1394.75,1397.099976,1381.259888,6237015
7/11/2022,1394,1409.900024,1393.25,1406.150024,1390.207275,3731416
7/12/2022,1405.25,1405.25,1389.400024,1391.800049,1376.02002,4938487
7/13/2022,1390,1394.199951,1354.25,1357.849976,1342.454834,7972805
7/14/2022,1362,1372.650024,1349.25,1351.050049,1335.732056,5186205
7/15/2022,1353,1364.900024,1346.800049,1362.050049,1346.6073,6797823
7/18/2022,1348,1366.099976,1342.050049,1347.550049,1332.271729,10166110
7/19/2022,1337,1358.550049,1337,1348.050049,1332.765991,7896269
7/20/2022,1359.900024,1371.099976,1355.25,1365.050049,1349.573242,10173931
7/21/2022,1360.550049,1369.5,1358.099976,1360.75,1345.322021,6320139
7/22/2022,1366,1397,1362.400024,1392.5,1376.712036,6364796
7/25/2022,1395,1404.599976,1383.300049,1396.599976,1380.765503,5071563
7/26/2022,1396,1402,1386.300049,1393.75,1377.947876,4263982
7/27/2022,1388.900024,1406,1384.25,1404.400024,1388.477051,4606389
7/28/2022,1415.050049,1424,1411,1416.849976,1400.785889,8710203
7/29/2022,1438,1438.599976,1415.300049,1434.199951,1417.939209,10009868
8/1/2022,1439,1448.449951,1430.050049,1446.150024,1429.753784,6596518
8/2/2022,1442,1444.599976,1423.050049,1430.25,1414.034058,7518255
8/3/2022,1424.949951,1435.75,1417,1433.599976,1417.345947,5487749
8/4/2022,1440,1446.699951,1412.949951,1431.900024,1415.665283,6006103
8/5/2022,1433,1436.949951,1421.150024,1427.050049,1410.870361,4634491
8/8/2022,1428,1464.5,1427.099976,1462.050049,1445.473511,7678868
8/10/2022,1461.349976,1471.5,1449.050049,1466.300049,1449.675293,8676551
8/11/2022,1486.5,1491,1474.550049,1485.699951,1468.855225,9150883
8/12/2022,1485,1489.300049,1475.949951,1485.150024,1468.311523,4425185
8/16/2022,1494.800049,1508.5,1488.050049,1502.150024,1485.118774,6281878
8/17/2022,1500,1512.75,1485.75,1509.900024,1492.781006,6192175
8/18/2022,1500,1513.900024,1499.650024,1511.699951,1494.560425,4171069
8/19/2022,1510,1512,1490,1493.050049,1476.12207,4031851
8/22/2022,1484.800049,1488.349976,1467.699951,1470.349976,1453.679321,4117033
8/23/2022,1453.300049,1475.949951,1450.400024,1465.800049,1449.18103,7483442
8/24/2022,1461.900024,1475.5,1459.199951,1472.849976,1456.151001,6727760
8/25/2022,1479.900024,1486.800049,1457,1464.849976,1448.241699,5911520
8/26/2022,1472.050049,1481.800049,1461.199951,1465.099976,1448.488892,3853088
8/29/2022,1437,1446,1428.599976,1439.400024,1423.080322,4326589
8/30/2022,1446.449951,1489.949951,1443.099976,1486.099976,1469.250732,5067700
9/1/2022,1464.75,1489.449951,1459,1472.150024,1455.458984,11201568
9/2/2022,1472.150024,1490.5,1465.199951,1485.5,1468.657593,6019043
9/5/2022,1486.099976,1499,1484.099976,1495.050049,1478.099365,6065966
9/6/2022,1498.900024,1506.650024,1486.449951,1489.349976,1472.463867,6119348
9/7/2022,1471.300049,1490,1471.300049,1482.300049,1465.493896,4888103
9/8/2022,1490.099976,1500,1482.150024,1497.599976,1480.620361,5582345
9/9/2022,1496.199951,1509,1494.050049,1498.599976,1481.609009,7564444
9/12/2022,1500,1504,1490,1493.550049,1476.616333,5540246
9/13/2022,1498.900024,1515.900024,1498.550049,1513.099976,1495.94458,6500983
9/14/2022,1494.050049,1538.900024,1492.349976,1528.650024,1511.318359,10109880
9/15/2022,1530,1540.949951,1512,1520.699951,1503.458496,6769686
9/16/2022,1503.099976,1514.699951,1483,1492.75,1475.825439,10280023
9/19/2022,1489,1514,1480,1502.599976,1485.563721,6038019
9/20/2022,1514,1524,1509.900024,1520.699951,1503.458496,5390834
9/21/2022,1508,1521.5,1505,1518.349976,1501.135132,4536152
9/22/2022,1502,1510.150024,1482.75,1486,1469.151855,6024072
9/23/2022,1472.349976,1475,1437,1446.150024,1429.753784,7903126
9/26/2022,1425.349976,1436.449951,1418,1426.650024,1410.474854,4461743
9/27/2022,1432.400024,1440,1407,1413.849976,1397.819946,6319850
9/28/2022,1406,1410.599976,1385.900024,1389.550049,1373.795532,5908066
9/29/2022,1396.300049,1402.199951,1378.800049,1382.349976,1366.677002,7205194
9/30/2022,1378.800049,1431.449951,1365,1421.349976,1405.234863,7890878
10/3/2022,1409.949951,1417.849976,1401.099976,1413.199951,1397.177246,5770556
10/4/2022,1429.5,1458,1426.150024,1453,1436.526123,5769263
10/6/2022,1459.949951,1462.599976,1434.199951,1437,1420.70752,6274599
10/7/2022,1430.25,1434.949951,1420.349976,1430.800049,1414.577759,6648997
10/10/2022,1408,1426,1398.199951,1415,1398.956909,6554651
10/11/2022,1401.099976,1417,1399.449951,1400.650024,1384.769653,7260810
10/12/2022,1403.199951,1414.849976,1397.300049,1409.800049,1393.815918,4612525
10/13/2022,1402.050049,1406.25,1384,1393.599976,1377.799561,7357117
10/14/2022,1417,1447,1415.25,1439,1422.684814,6424960
10/17/2022,1435,1457.599976,1427,1446.550049,1430.149292,9205250
10/18/2022,1458.050049,1462.900024,1440,1443.849976,1427.479736,5280554
10/19/2022,1464,1477.400024,1453.400024,1458.650024,1442.112061,6483520
10/20/2022,1444,1452.900024,1442.5,1448.800049,1432.373779,3949039
10/21/2022,1452,1457.650024,1434,1438.599976,1422.289307,5246303
10/24/2022,1454.300049,1463,1454.300049,1461.050049,1444.484863,1083897
10/25/2022,1461.099976,1467.800049,1445,1450.900024,1434.449951,6886697
10/27/2022,1464.5,1467.349976,1451.25,1454.400024,1437.910156,7968638
10/28/2022,1450,1467,1447.400024,1458.699951,1442.161377,5237139
10/31/2022,1472,1498,1467.25,1496.699951,1479.730591,6415264
11/1/2022,1503.5,1529,1498.900024,1513.25,1496.093018,9536878
11/2/2022,1517,1528.25,1511.599976,1514.199951,1497.032104,6360203
11/3/2022,1497.699951,1520.25,1497,1507.550049,1490.457642,5166176
11/4/2022,1503.199951,1516.099976,1489.599976,1497.150024,1480.175537,5409030
11/7/2022,1510,1512,1492.099976,1508.800049,1491.693481,4917917
11/9/2022,1515.050049,1517.949951,1504,1508.349976,1491.248535,4634895
11/10/2022,1497.099976,1527,1495.050049,1524.75,1507.462524,6387091
11/11/2022,1545,1637,1538,1611.150024,1592.883057,28361169
11/14/2022,1612,1628,1598,1615.050049,1596.73877,9597695
11/15/2022,1623.150024,1623.150024,1605.25,1619,1600.643921,5515101
11/16/2022,1618.650024,1642,1612,1632.900024,1614.386353,6789075
11/17/2022,1618.099976,1631.550049,1613.900024,1618.150024,1599.803589,6050465
11/18/2022,1621,1623,1605.25,1613.900024,1595.601807,5229616
11/21/2022,1607.650024,1612,1590.199951,1597.349976,1579.23938,4172408
11/22/2022,1600,1604.349976,1591,1595,1576.916138,4273157
11/23/2022,1605,1605,1594,1599.150024,1581.019043,5092869
11/24/2022,1605.949951,1632,1599.150024,1625.150024,1606.724243,8598980
11/25/2022,1629.699951,1631.699951,1614.099976,1617.650024,1599.309326,4205248
11/28/2022,1602.900024,1607.449951,1594.050049,1600.25,1582.106567,8052990
11/29/2022,1597.25,1612.349976,1592.849976,1597.849976,1579.733765,6319118
11/30/2022,1597.099976,1612.900024,1597.099976,1608.449951,1590.213501,7592403
12/1/2022,1622,1637,1615,1619.5,1601.138306,10223183
12/2/2022,1610,1618.599976,1605.150024,1607.099976,1588.878906,3905539
12/5/2022,1609.949951,1614.599976,1596.199951,1612.949951,1594.662476,5796311
12/6/2022,1601,1613.699951,1600,1611.150024,1592.883057,6176546
12/7/2022,1614.150024,1618.599976,1604.449951,1610.449951,1592.190918,5837360
12/8/2022,1610,1626,1605,1619.5,1601.138306,7401817
12/9/2022,1626,1634.849976,1620,1631.050049,1612.557373,5981692
12/12/2022,1625,1653.599976,1621.400024,1643.75,1625.113403,7217404
12/13/2022,1650,1657,1645,1648.300049,1629.611816,8515851
12/14/2022,1653,1665.5,1650,1662.25,1643.403564,7113820
12/15/2022,1657.050049,1669.400024,1627.050049,1631.800049,1613.29895,9091324
12/16/2022,1620.050049,1645.099976,1609,1639.650024,1621.059814,7323979
12/19/2022,1644,1646.650024,1626.199951,1644.75,1626.102051,4802271
12/20/2022,1620.199951,1636.400024,1620.199951,1633.400024,1614.880737,3587349
12/21/2022,1641,1644.800049,1606.550049,1617.599976,1599.259888,4634599
12/22/2022,1622.199951,1627.5,1609,1612.050049,1593.772827,4873548
12/23/2022,1587,1604.150024,1585.449951,1597.650024,1579.536011,5346576
12/26/2022,1599.5,1639,1590,1629.449951,1610.975464,4953661
12/27/2022,1633,1635.949951,1613.5,1631.099976,1612.606812,3963386
12/28/2022,1623.099976,1633,1623.099976,1629.800049,1611.321533,4345935
12/29/2022,1620.099976,1643.5,1611,1641.300049,1622.691162,5506448
12/30/2022,1645,1645,1620,1628.150024,1609.690308,3561320
1/2/2023,1627,1639.75,1618.550049,1628.699951,1610.234009,2190689
1/3/2023,1622.199951,1643,1622.199951,1639.349976,1620.763184,4189015
1/4/2023,1635,1645.75,1607,1610.050049,1591.795532,5175800
1/5/2023,1615,1618.050049,1589.400024,1599.699951,1581.562744,5470718
1/6/2023,1602,1609.099976,1578.199951,1594.400024,1576.322876,4546231
1/9/2023,1596,1611.550049,1590,1597.5,1579.387695,5364670
1/10/2023,1600,1600,1565,1568.300049,1550.518799,8185883
1/11/2023,1567.949951,1598,1560,1590.900024,1572.862549,7597899
1/12/2023,1587.800049,1603.900024,1584.150024,1599.400024,1581.266235,4625035
1/13/2023,1598.75,1609.900024,1586,1600.650024,1582.502075,4622273
1/16/2023,1615,1621.300049,1580.300049,1585.300049,1567.326172,7374047
1/17/2023,1589.800049,1611,1577.5,1608.900024,1590.658569,5393177
1/18/2023,1605,1641.599976,1599.699951,1637.300049,1618.736572,9545321
1/19/2023,1637,1650,1633,1644.099976,1625.459351,5586081
1/20/2023,1644.099976,1669,1643.400024,1660.949951,1642.118286,9421702
1/23/2023,1666.25,1682.599976,1661.400024,1673.099976,1654.130615,7722200
1/24/2023,1675.050049,1702.400024,1675,1695.5,1676.276611,12491970
1/25/2023,1691.400024,1692.949951,1645.300049,1648.650024,1629.957886,7352071
1/27/2023,1632,1637,1589.949951,1615.800049,1597.480347,17589974
1/30/2023,1595,1625.300049,1582,1614.150024,1595.848999,9256411
1/31/2023,1619.699951,1622.699951,1595,1603.5,1585.319702,9298122
2/1/2023,1624,1665,1606,1627.550049,1609.097046,8651395
2/2/2023,1608.099976,1624.5,1588.75,1603.349976,1585.171387,8748553
2/3/2023,1611,1660.5,1607,1658.800049,1639.992798,7205550
2/6/2023,1660,1669.400024,1646.199951,1651.75,1633.022705,5583836
2/7/2023,1659.400024,1664.900024,1632.599976,1654.199951,1635.444824,5132294
2/8/2023,1654.25,1668.199951,1650,1654,1635.247192,4222413
2/9/2023,1660,1661.650024,1635.550049,1650.550049,1631.836304,5888668
2/10/2023,1648.800049,1658.5,1642.199951,1657.099976,1638.312012,4086058
2/13/2023,1655,1661.75,1644.550049,1658.349976,1639.547852,2868472
2/14/2023,1665,1677.5,1657.949951,1673.699951,1654.723755,5454296
2/15/2023,1678,1678,1656.75,1670.300049,1651.362427,5719356
2/16/2023,1673.199951,1681.900024,1661,1664.25,1645.380981,4031250
2/17/2023,1661,1668.150024,1642.949951,1655.900024,1637.12561,4478135
2/20/2023,1660,1669.449951,1634.800049,1640.349976,1621.751831,4043353
2/21/2023,1640,1662.349976,1634,1646.5,1627.832153,6194648
2/22/2023,1639,1641.949951,1609.050049,1614.199951,1595.898315,5179551
2/23/2023,1613,1618.849976,1592.099976,1603.25,1585.07251,13941005
2/24/2023,1617.900024,1617.900024,1585.199951,1588.949951,1570.934692,8530870
2/27/2023,1585.900024,1599,1577.300049,1592.900024,1574.839966,7156486
2/28/2023,1592,1605.300049,1588.699951,1599.599976,1581.463867,9496996
3/1/2023,1612,1613,1595.75,1598.050049,1579.931519,7068628
3/2/2023,1594,1605.949951,1582,1584.449951,1566.485596,8695907
3/3/2023,1596,1620,1588,1615.900024,1597.579102,7493117
3/6/2023,1620,1639.449951,1618.050049,1627.300049,1608.849976,13502355
3/8/2023,1620,1639.5,1620,1630.550049,1612.06311,10049887
3/9/2023,1629.949951,1645.949951,1627,1630.699951,1612.211304,10350083
3/10/2023,1610.449951,1613.75,1585,1588.650024,1570.638062,13693500
3/13/2023,1587.900024,1603.800049,1564.949951,1568.550049,1550.765991,13221775
3/14/2023,1570.25,1583.599976,1559.300049,1564.349976,1546.613525,16592806
3/15/2023,1578,1582.900024,1536.599976,1541.900024,1524.418213,18632377
3/16/2023,1539,1559.099976,1532.050049,1551.900024,1534.30481,10876671
3/17/2023,1557.5,1579.199951,1540,1572.650024,1554.819458,11475438
3/20/2023,1567.949951,1568.099976,1545.400024,1561.75,1544.043091,13251557
3/21/2023,1571.949951,1582.5,1556.199951,1579.449951,1561.542358,16525247
3/22/2023,1584,1586.050049,1565.300049,1575.800049,1557.933838,7088662
3/23/2023,1567.75,1590.349976,1558.550049,1563.150024,1545.427246,14182089
3/24/2023,1560,1573.900024,1554.949951,1560.650024,1542.955566,15738874
3/27/2023,1562.199951,1579.449951,1558.900024,1567.449951,1549.678345,15936003
3/28/2023,1565.699951,1582.900024,1564.099976,1580.199951,1562.283813,19638151
3/29/2023,1584,1602,1581.900024,1587.800049,1569.797729,19881806
3/31/2023,1595.599976,1612.949951,1592.400024,1609.550049,1591.301147,17355614
4/3/2023,1607.550049,1615.699951,1602.75,1610.550049,1592.289795,20012699
4/5/2023,1618.599976,1656,1616,1653.75,1635,21682696
4/6/2023,1648.550049,1669.199951,1647.099976,1666.349976,1647.457153,22318672
4/10/2023,1663.25,1671,1654,1658.449951,1639.646606,15906643
4/11/2023,1659,1669.400024,1651.099976,1663.300049,1644.441772,21180771
4/12/2023,1668,1688.199951,1667.800049,1684.900024,1665.796875,13477752
4/13/2023,1688.300049,1697.050049,1678.150024,1692.449951,1673.261108,17665043
4/17/2023,1720,1720,1653.300049,1666.650024,1647.753784,16202574
4/18/2023,1670,1677.25,1656.400024,1659.599976,1640.783691,14818613
4/19/2023,1665,1670.300049,1657.150024,1665.699951,1646.814453,12370584
4/20/2023,1671.699951,1677.449951,1666.400024,1671.900024,1652.944214,16461358
4/21/2023,1669,1676.949951,1663.25,1674.599976,1655.613525,10064309
4/24/2023,1687,1691.449951,1674.099976,1688.150024,1669.01001,17837926
4/25/2023,1687.699951,1687.699951,1661.900024,1664.150024,1645.282104,25176534
4/26/2023,1660,1675,1655,1671.800049,1652.845337,13696375
4/27/2023,1670.5,1685.25,1665.849976,1681,1661.94104,23895196
4/28/2023,1684.699951,1691,1670,1687.599976,1668.466187,13958136
5/2/2023,1688.699951,1699,1682,1687.25,1668.120117,16110592
5/3/2023,1684.949951,1696,1679.650024,1693.150024,1673.953247,14703635
5/4/2023,1687.099976,1734.449951,1687.099976,1727.800049,1708.210449,28427319
5/5/2023,1639,1660.949951,1622.099976,1625.650024,1607.218628,31385208
5/8/2023,1635,1650.349976,1630,1644.449951,1625.80542,18622262
5/9/2023,1649.900024,1656,1639.949951,1644.5,1625.854858,21844469
5/10/2023,1644.5,1654.650024,1633.099976,1652.099976,1633.368652,23170275
5/11/2023,1665.150024,1688,1649.25,1653.199951,1634.456177,17867309
5/12/2023,1647,1672.800049,1644.25,1667.800049,1648.890747,11239380
5/15/2023,1672,1680.75,1665.099976,1675.800049,1656.800049,9256130
5/16/2023,1671.800049,1671.800049,1644,1647.300049,1647.300049,16361043
5/17/2023,1650,1650,1625.349976,1638.449951,1638.449951,15233434
5/18/2023,1648,1653.949951,1640,1645,1645,24823471
5/19/2023,1648,1650,1631.550049,1646.900024,1646.900024,15230166
5/22/2023,1645,1652.900024,1632.699951,1641.050049,1641.050049,14167016
5/23/2023,1649,1649.599976,1633.449951,1637.199951,1637.199951,11235037
5/24/2023,1627.550049,1634.75,1613.599976,1615.800049,1615.800049,16794056
5/25/2023,1615.699951,1620.050049,1597.349976,1609.599976,1609.599976,14888465
5/26/2023,1619,1619,1602.25,1615.800049,1615.800049,13317533
5/29/2023,1628.5,1641,1624.849976,1635.5,1635.5,10908146
5/30/2023,1633.599976,1642.650024,1628.550049,1636.75,1636.75,18562964
5/31/2023,1629.900024,1634.949951,1604.650024,1610.849976,1610.849976,21667135
6/1/2023,1619.900024,1619.900024,1600,1604,1604,25183469
6/2/2023,1612.449951,1614.800049,1601,1606.5,1606.5,8929855
6/5/2023,1614.5,1616.5,1602.449951,1604.400024,1604.400024,9348621
6/6/2023,1607.650024,1609.849976,1592.25,1599.400024,1599.400024,16091426
6/7/2023,1603.449951,1612.550049,1596,1607.699951,1607.699951,12474513
6/8/2023,1603.25,1626,1603.25,1608.699951,1608.699951,18697761
6/9/2023,1615.900024,1618.5,1607,1610.599976,1610.599976,9106289
6/12/2023,1612.550049,1615.800049,1599.449951,1600.800049,1600.800049,6704146
6/13/2023,1590.099976,1609,1590.099976,1603.5,1603.5,13963054
6/14/2023,1610.449951,1612,1600.199951,1601.75,1601.75,10056984
6/15/2023,1604,1605.949951,1579,1582.050049,1582.050049,17688738
6/16/2023,1587.150024,1609.199951,1584,1602.75,1602.75,7889636
6/19/2023,1611,1614.25,1598.349976,1604.150024,1604.150024,12414573
6/20/2023,1604.150024,1611,1590.650024,1607.5,1607.5,10002813
6/21/2023,1616,1637.25,1611,1635.599976,1635.599976,12154473
6/22/2023,1640,1657.550049,1639.050049,1643.599976,1643.599976,28298070
6/23/2023,1637.550049,1659.900024,1634.050049,1643.5,1643.5,10669609
6/26/2023,1645,1650.75,1628.699951,1635.550049,1635.550049,8065157
6/27/2023,1642.949951,1672.900024,1638.550049,1658.599976,1658.599976,16915932
6/28/2023,1658.599976,1658.599976,1658.599976,1658.599976,1658.599976,0
6/30/2023,1704,1708.800049,1683.25,1701.400024,1701.400024,20349508
7/3/2023,1712.5,1757.5,1710,1719.800049,1719.800049,22052058
7/4/2023,1723.449951,1747,1713.800049,1728.199951,1728.199951,19397594
7/5/2023,1716.25,1720,1668.550049,1673.300049,1673.300049,18582877
7/6/2023,1673,1687.849976,1660.400024,1675,1675,26078272
7/7/2023,1665,1675,1656.300049,1660.400024,1660.400024,9963168
7/10/2023,1661,1676.75,1649.699951,1656.449951,1656.449951,19199221
7/11/2023,1663,1676,1645.5,1648.400024,1648.400024,25335213
7/12/2023,1655.349976,1666.300049,1627.150024,1632.949951,1632.949951,35479179
7/13/2023,1656.699951,1657.449951,1638.050049,1641.099976,1641.099976,20956773
7/14/2023,1653.599976,1653.599976,1635,1644.5,1644.5,12363607
7/17/2023,1650,1682,1633,1678.900024,1678.900024,24626464
7/18/2023,1698,1704,1670,1677.5,1677.5,40538409
7/19/2023,1681.099976,1688.75,1675,1685.099976,1685.099976,16467567
7/20/2023,1681.150024,1692,1680,1688.75,1688.75,28105474
7/21/2023,1680,1689.800049,1673.25,1675.75,1675.75,21077124
7/24/2023,1678.5,1684.650024,1670.099976,1678.400024,1678.400024,16089722
7/25/2023,1684.650024,1699,1678.400024,1696.599976,1696.599976,27996298
7/26/2023,1699.599976,1699.599976,1688,1690.699951,1690.699951,12397179
7/27/2023,1699.900024,1703,1667.449951,1673.150024,1673.150024,29870651
7/28/2023,1661.5,1668.900024,1641.099976,1643.5,1643.5,20507842
7/31/2023,1650.050049,1656.800049,1638.699951,1651.199951,1651.199951,17282503
8/1/2023,1654.449951,1667.449951,1650,1662.25,1662.25,17697094
8/2/2023,1642,1651.5,1633.150024,1640.5,1640.5,14058161
8/3/2023,1640,1651.349976,1623,1628.650024,1628.650024,28836973
8/4/2023,1635.150024,1656.5,1629.25,1652.199951,1652.199951,18694152
8/7/2023,1663.099976,1663.099976,1647.550049,1651.25,1651.25,14150459
8/8/2023,1651.699951,1655.599976,1642.050049,1649.900024,1649.900024,21886914
8/9/2023,1653,1654.5,1631.099976,1650.5,1650.5,16680618
8/10/2023,1647.050049,1654.25,1631,1635.849976,1635.849976,25390559
8/11/2023,1638.400024,1638.400024,1616.199951,1618.800049,1618.800049,14112911
8/14/2023,1611,1615,1600.25,1610.900024,1610.900024,15652205
8/16/2023,1583.099976,1609.650024,1581.300049,1606.199951,1606.199951,17068771
8/17/2023,1597.599976,1609.900024,1594,1597.300049,1597.300049,26442020
8/18/2023,1587.550049,1596.300049,1585.5,1590.75,1590.75,12816683
8/21/2023,1600.5,1600.5,1587,1589.5,1589.5,10918635
8/22/2023,1596.349976,1598,1580,1582.699951,1582.699951,16136785
8/23/2023,1580,1590.550049,1573.25,1586.599976,1586.599976,18249294
8/24/2023,1593.300049,1596.199951,1576.150024,1579.300049,1579.300049,21572896
8/25/2023,1574.550049,1577.5,1558.400024,1561.5,1561.5,15034878
8/28/2023,1561.5,1582.650024,1561.5,1577.75,1577.75,14433619
8/29/2023,1589.699951,1592.650024,1581.449951,1590.300049,1590.300049,17769466
8/30/2023,1603.949951,1603.949951,1573.699951,1578.699951,1578.699951,14042102
8/31/2023,1579,1583.150024,1563.099976,1571.449951,1571.449951,50037886
9/1/2023,1571,1579,1559.349976,1574.699951,1574.699951,21613388
9/4/2023,1590,1591.449951,1574.900024,1584.550049,1584.550049,12536819
9/5/2023,1588.400024,1588.400024,1570.599976,1574.900024,1574.900024,19356041
9/6/2023,1576.800049,1600,1574.900024,1595.5,1595.5,28160455
9/7/2023,1595.5,1614,1587.150024,1610.849976,1610.849976,17104171
9/8/2023,1608.300049,1632.900024,1607.599976,1623.400024,1623.400024,17251105
9/11/2023,1628.900024,1636.5,1624,1631.800049,1631.800049,15786511
9/12/2023,1640,1642.900024,1625.050049,1636.900024,1636.900024,19516670
9/13/2023,1631.300049,1651.599976,1628.599976,1643.900024,1643.900024,23210047
9/14/2023,1644.25,1650,1635.099976,1642.900024,1642.900024,11769424
9/15/2023,1650,1670,1650,1661.75,1661.75,86705601
9/18/2023,1653.75,1655,1626.099976,1629.050049,1629.050049,18528144
9/20/2023,1599,1599,1560.400024,1563.699951,1563.699951,57737324
9/21/2023,1553,1568.949951,1537.050049,1553.349976,1553.349976,36420721
9/22/2023,1559,1564.400024,1523.75,1529.650024,1529.650024,30852125
9/25/2023,1525,1540.699951,1525,1531,1531,20104377
